subjectName:ID,:LABEL
100% renewable energy,Subject
2019 novel coronavirus,Subject
2019-nCoV,Subject
ACAAN,Subject
ACNUR,Subject
Abnormal energy expenditure,Subject
Abraham Lincoln,Subject
Acadia,Subject
Accumulator (energy),Subject
Achomawi,Subject
Acoma,Subject
Acoma Pueblo Reservation,Subject
Acoustic energy,Subject
Activation energy,Subject
Active LIDAR-sensor for GHG-measurements,Subject
Acuerdo de Libre Comercio Canadá-Estados Unidos (ALC),Subject
Adsorption energy,Subject
Advanced Take Off and Landing Ideas,Subject
Advanced driver assistance systems,Subject
Advisory Council for Aeronautics Research in Europe,Subject
African American,Subject
African Candians,Subject
Afro- Latinidad,Subject
Afro-Latino,Subject
Agua Caliente Indian Reservation,Subject
Air Cargo Advance Screening (ACAS),Subject
Air Force Intelligence,Subject
Air Traffic Control,Subject
Air pollution,Subject
Air quality,Subject
Air transport,Subject
Aircraft specific energy,Subject
Alabama,Subject
Alabama-Coushatta Reservation,Subject
Alanis Obomsawin,Subject
Alaska,Subject
Albany Congress,Subject
Alberta,Subject
Alexa Ann McDonough,Subject
Alexander Hamilton,Subject
Alianza para la Seguridad y la Prosperidad de América del Norte (ASPAN),Subject
Allegany Reservation,Subject
Alliance for Logistics Innovation through Collaboration in Europe,Subject
Alternative Aircraft Systems,Subject
Alternative aircraft configurations,Subject
Alternative energy,Subject
Alternative fuels in public transport,Subject
Alturas Indian Rancheria,Subject
AmCham,Subject
AmCham/Mexico,Subject
Ambient energy,Subject
America,Subject
America First,Subject
American,Subject
American Cultural Industries,Subject
American Culture,Subject
American Dream,Subject
American Higher Education,Subject
American History,Subject
American Immigration Council,Subject
American Indigenous People,Subject
American Literature,Subject
American New Religion,Subject
American Petroleum Instltute,Subject
American Political Science,Subject
American Politics,Subject
American Propaganda,Subject
American Republic,Subject
American Republicanism,Subject
American Revolution,Subject
American Revolutionary War,Subject
American Samoa,Subject
American Sociology,Subject
American Student Revolt,Subject
American Studies,Subject
American Universities,Subject
American War of Independence,Subject
American Writers,Subject
American and Mexican,Subject
Americanism,Subject
Americanity,Subject
Americas,Subject
Ancestral Languages,Subject
Andrew Jackson,Subject
Andrew Johnson,Subject
Annette Island Reserve,Subject
Anti-Black racism,Subject
Anti-Geldwäsche,Subject
Anti-money laundering,Subject
Apache,Subject
Aquifer thermal energy storage,Subject
ArcGIS,Subject
Ari-Baja,Subject
AriBaja,Subject
Arikara,Subject
Arizona,Subject
Arizona Dream Act Coalition,Subject
Arkansas,Subject
Artificial Intelligence,Subject
Arts and Humanities,Subject
Arts and Humanities General,Subject
Arzneipflanzen,Subject
Asian Americans,Subject
Assembly of First Nations,Subject
Assiniboine,Subject
Astronomy,Subject
Astrophysics,Subject
Asylum System in Canada,Subject
Asylum System in the United States,Subject
Atlantic Slave Trade,Subject
Atmosphere,Subject
Atmospheric,Subject
Atomic Energy Act,Subject
Atomic energy commission,Subject
Auburn Rancheria,Subject
Audrey Marlene McLaughlin,Subject
Augustine Reservation,Subject
Automated Driving,Subject
Automated Road Transport,Subject
Automated ships,Subject
Automated urban vehicles,Subject
Automedicación,Subject
Autonomous logistics operations,Subject
Available energy,Subject
Bad River Reservation,Subject
Balance energy,Subject
Baptists,Subject
Barack Obama,Subject
Barona Reservation,Subject
Bathymetry,Subject
Battery energy,Subject
Battery energy storage,Subject
Battery energy storage system,Subject
Battle Mountain Reservation,Subject
Battles of Lexington and Concord,Subject
Bay Mills Reservation,Subject
Befreiungstheologie,Subject
Ben Shapiro,Subject
Benjamin Franklin,Subject
Benjamin Harrison,Subject
Benjamín Rush,Subject
Benton Paiute Reservation,Subject
Berry Creek Rancheria,Subject
Besondere Bevölkerungsgruppen,Subject
Biden Administration,Subject
Big Bend Rancheria,Subject
Big Cypress Reservation,Subject
Big Lagoon Rancheria,Subject
Big Pine Reservation,Subject
Big Sandy Rancheria,Subject
Big Valley Rancheria,Subject
Bilateral Relations Canada and Unites States,Subject
Bilateral Relations Mexico and Canada,Subject
Bill Clinton,Subject
Bill of Rights,Subject
Binding energy,Subject
Bio-energy with carbon capture and storage,Subject
Bioelectric Energy Sources,Subject
Bioenergy,Subject
Bioenergy village,Subject
Biomedical digital twin,Subject
Bishop Reservation,Subject
Bitcoin,Subject
Bitterroot Salish,Subject
Black Canada,Subject
Black Canadian Studies,Subject
Black Indians,Subject
Black Latinidad,Subject
Black Lives Matter,Subject
Black Maple,Subject
Black Migration,Subject
Black Seminoles,Subject
BlackLivesMatter,Subject
BlackRock,Subject
Blackfeet,Subject
Blackfeet Indian Reservation,Subject
Blackness,Subject
Blanquidad,Subject
Blockchain,Subject
Bloom Energy,Subject
Blue Lake Rancheria,Subject
Blue card,Subject
Bois Forte Reservation,Subject
Border Cinema,Subject
Border Mexico-US,Subject
Border Patrol,Subject
Boston,Subject
Boston Tea Party,Subject
Bottom-up energy modelling,Subject
Boundary energy,Subject
Brian Kemp,Subject
Bridgeport Reservation,Subject
Brighton Reservation,Subject
British Columbia,Subject
British North America Act,Subject
Bronson Alcott,Subject
Brookings,Subject
Brown Brawns,Subject
Buena Vista Rancheria Trust Land,Subject
Building energy,Subject
Building energy analysis,Subject
Building energy needs,Subject
Building energy simulation,Subject
Burns Paiute Indian Colony,Subject
Business Energy Investment Tax Credit,Subject
Business model for urban mobility,Subject
Business plan for shared mobility,Subject
CAAS,Subject
CANADIAN OMBUDSPERSON FOR RESPONSIBLE ENTERPRISE,Subject
CARARE metadata schema,Subject
CBP,Subject
CHIPS and Science Act,Subject
CIA,Subject
CIDOC CRM,Subject
CO2,Subject
CO2 emissions,Subject
COMAR,Subject
COVID-19,Subject
COVID19,Subject
COVID2019,Subject
CRMarchaeo,Subject
CRMba,Subject
CRMsci,Subject
CRMtex,Subject
CSI: Container Security Initiative,Subject
CTGR,Subject
CUFTA,Subject
Cabazon Reservation,Subject
Cahuilla,Subject
Cahuilla Reservation,Subject
Cali-Baja,Subject
CaliBaja,Subject
California,Subject
Calvin Coolidge,Subject
Campbell Ranch,Subject
Campo Indian Reservation,Subject
Canada Council for the Arts,Subject
Canada-Mexico Partnership (CMP),Subject
Canada-Mexico relations,Subject
Canada’s New Democratic Party (NDP),Subject
Canadian,Subject
Canadian Association for Refugee and Forced Migration Studies (CARFMS),Subject
Canadian Association of African Studies,Subject
Canadian Communication Studies,Subject
Canadian Constitution,Subject
Canadian Content,Subject
Canadian History Society,Subject
Canadian Identity,Subject
Canadian Intellectual Life,Subject
Canadian Ombudsperson for Responsible Enterprise,Subject
Canadian Pacific,Subject
Canadian Pacific y Canadian National Railway,Subject
Canadian Radio-television and Telecommunications Commission (CRTC),Subject
Canadian Sociology Association,Subject
Canadian Studies,Subject
Canadian cultural industries,Subject
Canadian culture,Subject
Canadian documentary,Subject
Canadian economics,Subject
Canadian foreig policy,Subject
Canadian history,Subject
Canadian political sciences,Subject
Canadian provinces,Subject
Canadian public policy,Subject
Canadian-U.S. Free Trade Agreement,Subject
Cancer Digital twin,Subject
Cannabis,Subject
Canopy Growth Corporation,Subject
Capacitive energy storage,Subject
Capitan Grande Reservation,Subject
Carbon taxes and carbon tax,Subject
Caribana Toronto,Subject
Carson Colony,Subject
Catawba,Subject
Catawba Reservation,Subject
Cattaraugus Reservation,Subject
Cebu Declaration on East Asian Energy Security,Subject
Cedarville Rancheria,Subject
Central Intelligence Agency,Subject
Central Security Service,Subject
Characteristic energy,Subject
Charlottetown Accord,Subject
Charters of Freedom,Subject
Chehalis,Subject
Chehalis Reservation,Subject
Chelan,Subject
Chemehuevi,Subject
Chemehuevi Reservation,Subject
Chemical energy,Subject
Cherokees,Subject
Chester A. Arthur,Subject
Cheyenne River Reservation,Subject
Chicago Council on Foreign Relations,Subject
Chicano Spanish,Subject
Chicken Ranch Rancheria,Subject
Chico Rancheria Trust Land,Subject
Chief of Space Operations (CSO),Subject
Chitimacha,Subject
Chitimacha Reservation,Subject
Chloe Cooley,Subject
Chola,Subject
Cholo,Subject
Cholos,Subject
Church History,Subject
Cibercrimen,Subject
Ciberseguridad,Subject
Circular economy in transport,Subject
City mobility systems,Subject
Civil Disobedience,Subject
Clean Air Act,Subject
Clean Energy Project,Subject
Clean Energy Trends,Subject
Clean Water Act,Subject
Clean energy,Subject
Clean vehicle fleets,Subject
Climate Change and Sustainable Energy Act 2006,Subject
Cloverdale Rancheria Trust Land,Subject
Co-operative_Commonwealth_Federation (CCF),Subject
Coast Guard Intelligence,Subject
Coconut Creek Trust Land,Subject
Cocopah,Subject
Cocopah Reservation,Subject
Cold Springs Rancheria,Subject
Colorado,Subject
Colorado River Indian Reservation,Subject
Colorism,Subject
Colusa Rancheria,Subject
Colville,Subject
Colville Reservation,Subject
Combined transport,Subject
Comisión Mexicana de Ayuda a Refugiados (COMAR),Subject
Comparative Religions,Subject
Compensation and Liability Act (CERCLA),Subject
Comprehensive Environmental Response,Subject
Comprehensive Refugee Response Framework,Subject
Compressed air energy storage,Subject
Concord,Subject
Concord Atheneum,Subject
Congress of Aboriginal Peoples,Subject
Congressional Research Service,Subject
Congressional Votes Database,Subject
Connected automated driving technology,Subject
Connecticut,Subject
Conservation energy,Subject
Conservation of energy,Subject
Conservative Party (United States),Subject
Constitution Act,Subject
Constitutional Act,Subject
Container Security Initiative,Subject
Continental Association,Subject
Continental Congress,Subject
Contraterrorismo,Subject
Convective available potential energy,Subject
Cooling energy,Subject
Cooperative and connected and automated transport,Subject
Coquille,Subject
Coquille Reservation,Subject
Core energy,Subject
Coronaviridae,Subject
Corrupción,Subject
Corruption,Subject
Cortina Indian Rancheria,Subject
Counterterrorism,Subject
Coushatta,Subject
Coushatta Reservation,Subject
Cow Creek Reservation,Subject
Cowlitz,Subject
Cowlitz Reservation,Subject
Coyote Valley Reservation,Subject
Creative Energy Homes,Subject
Crimen Organizado,Subject
Criminal Justice,Subject
Crimmigration,Subject
Critical energy,Subject
Cross-border train slot booking,Subject
Crow,Subject
Crow Creek Reservation,Subject
Crow Reservation,Subject
Cryogenic energy storage,Subject
Cultural Policy in Canada,Subject
Cumbre de Líderes de América del Norte (CLAG),Subject
Cumbre de los Tres Amigos,Subject
Customs Mutual Assistance Agreements (CMAA),Subject
Customs Trade Partnership Against Terrorism,Subject
Customs and Border Protection (CBP),Subject
Custums Trade Partenrship Against Terrorism,Subject
Cyber physical energy systems,Subject
Cybercrime,Subject
Cyberkriminalität,Subject
Cybersecurity,Subject
Cybersicherheit,Subject
César Chávez,Subject
DACA,Subject
DEA,Subject
DREAM Act,Subject
Dakota,Subject
Daniel Webster,Subject
David Lewis,Subject
David Thoreau,Subject
Decarbonization,Subject
Declaration of Independence,Subject
Decreased energy,Subject
Deep energy retrofit,Subject
Deep sea shipping,Subject
Deferred Action for Childhood Arrivals (DACA),Subject
Defrosting of railway infrastructure,Subject
Delaware,Subject
Democratic Party (United States),Subject
Derechos Humanos,Subject
Desarrollo Sostenible,Subject
Digital Farming,Subject
Digital twins in pharmaceutics,Subject
Direct energy conversion,Subject
Disney Channel,Subject
Distributed energy efficient clustering,Subject
District heating network,Subject
District mobility systems,Subject
Diálogo Interreligioso,Subject
Doctrina Monroe,Subject
Doing Business the Canadian Way: A Strategy to Advance Corporate Social Responsibility in Canada’s Extractive Sector,Subject
Domestic energy consumption,Subject
Donald Trump,Subject
Dreamers,Subject
Dresslerville Colony,Subject
Drogas Sinteticas,Subject
Drogenhandel,Subject
Drogenpolitik,Subject
Drug Enforcement Administration (DEA),Subject
Drug Policy,Subject
Drug Trafficking,Subject
Dry Creek Rancheria,Subject
Dual Work Exchanger Energy Recovery,Subject
Dual energy,Subject
Dual energy absorptiometry,Subject
Duck Valley Reservation,Subject
Duckwater Reservation,Subject
Dwight D. Eisenhower,Subject
Dynamic energy budget,Subject
E-freight,Subject
ECSS-standards,Subject
ENERGY CONSUMPTION BY THE TRANSPORT SECTOR,Subject
EU energy label,Subject
EU energy policy,Subject
EU energy strategy,Subject
EUropean rail Research Network of Excellence,Subject
Earth's energy budget,Subject
East Los Angeles,Subject
Ecumenism,Subject
Ecumenismo,Subject
Ed Broadbent,Subject
Effective energy,Subject
Effective transport management system,Subject
Efficient energy use,Subject
Elastic energy,Subject
Electric energy,Subject
Electric energy consumption,Subject
Electric energy storage,Subject
Electric potential energy,Subject
Electric vehicles,Subject
Electrical energy consumption,Subject
Electrical energy storage,Subject
Electrified road systems,Subject
Electrochemical energy conversion,Subject
Electrochemical energy storage,Subject
Electron energy loss spectroscopy,Subject
Electron kinetic energy,Subject
Electronic Civil Disobedience,Subject
Electronic Disturbance Theater,Subject
Elementary and Secondary Education Act (ESEA),Subject
Elk Valley Rancheria,Subject
Elko Colony,Subject
Ely Reservation,Subject
Embodied energy,Subject
Emissions,Subject
Energy Fraction,Subject
Energy Independence and Security Act of 2007,Subject
Energy Management,Subject
Energy Planning,Subject
Energy Policy,Subject
Energy Policy Act of 1992,Subject
Energy Policy Act of 2005,Subject
Energy Policy and Conservation Act,Subject
Energy Saving Module,Subject
Energy Security Act,Subject
Energy Slave,Subject
Energy Tax Act,Subject
Energy absorbers,Subject
Energy absorbing,Subject
Energy absorption,Subject
Energy accounting,Subject
Energy agency,Subject
Energy allocation,Subject
Energy amplifier,Subject
Energy analyser,Subject
Energy analysis,Subject
Energy and environmental engineering,Subject
Energy applications of nanotechnology,Subject
Energy assessment,Subject
Energy auditing,Subject
Energy aware scheduling,Subject
Energy awareness,Subject
Energy balance,Subject
Energy balance equation,Subject
Energy balancing,Subject
Energy based,Subject
Energy behavior,Subject
Energy budget,Subject
Energy cannibalism,Subject
Energy carrier,Subject
Energy cascade,Subject
Energy characterization,Subject
Energy charge,Subject
Energy collision,Subject
Energy community,Subject
Energy company,Subject
Energy component,Subject
Energy conservation,Subject
Energy conservation behaviour,Subject
Energy conservation in the United Kingdom,Subject
Energy conservation in the United States,Subject
Energy conservation measure,Subject
Energy conservation training,Subject
Energy constrained,Subject
Energy constraint,Subject
Energy consulting,Subject
Energy consumption,Subject
Energy consumption minimization,Subject
Energy consumption optimization,Subject
Energy consumption wireless sensor networks,Subject
Energy control,Subject
Energy conversion devices,Subject
Energy conversion efficiency,Subject
Energy converter,Subject
Energy cost,Subject
Energy cycle,Subject
Energy data,Subject
Energy deficiency,Subject
Energy deficit,Subject
Energy delivery,Subject
Energy demand,Subject
Energy demand management,Subject
Energy density,Subject
Energy density functional,Subject
Energy depletion,Subject
Energy derivative,Subject
Energy development,Subject
Energy diagram,Subject
Energy dispatch,Subject
Energy distance,Subject
Energy distribution,Subject
Energy dose,Subject
Energy drift,Subject
Energy dynamics,Subject
Energy economics,Subject
Energy education,Subject
Energy efficiency gap,Subject
Energy efficiency implementation,Subject
Energy efficiency in transportation,Subject
Energy efficient algorithms,Subject
Energy efficient architecture,Subject
Energy efficient clustering,Subject
Energy efficient computation,Subject
Energy efficient distillation,Subject
Energy efficient lighting,Subject
Energy efficient resource allocation,Subject
Energy efficient routing,Subject
Energy efficient routing protocol,Subject
Energy efficient scheduling,Subject
Energy efficient transformer,Subject
Energy efficient transmission,Subject
Energy engineering,Subject
Energy equation,Subject
Energy equipartition,Subject
Energy equivalent,Subject
Energy estimation,Subject
Energy exchange,Subject
Energy expenditure,Subject
Energy facilities,Subject
Energy factor,Subject
Energy failure,Subject
Energy feedback,Subject
Energy flow,Subject
Energy flow analysis,Subject
Energy flux,Subject
Energy forecasting,Subject
Energy function minimization,Subject
Energy gradient,Subject
Energy harvester,Subject
Energy harvesting,Subject
Energy harvesting wireless sensor networks,Subject
Energy hierarchy,Subject
Energy hub,Subject
Energy impact,Subject
Energy in the United States,Subject
Energy independence,Subject
Energy index,Subject
Energy indicators,Subject
Energy inequality,Subject
Energy informatics,Subject
Energy information,Subject
Energy infrastructure,Subject
Energy integration,Subject
Energy intensity,Subject
Energy interval,Subject
Energy investment,Subject
Energy landscape,Subject
Energy law,Subject
Energy leakage,Subject
Energy level,Subject
Energy liberalisation,Subject
Energy load,Subject
Energy loss,Subject
Energy management,Subject
Energy management controller,Subject
Energy management software,Subject
Energy management system,Subject
Energy management unit,Subject
Energy margin,Subject
Energy market,Subject
Energy matching,Subject
Energy materials,Subject
Energy maximization,Subject
Energy measure,Subject
Energy metering,Subject
Energy method,Subject
Energy metrics,Subject
Energy migration,Subject
Energy minimization,Subject
Energy mix,Subject
Energy modeling,Subject
Energy modulation,Subject
Energy monitoring and targeting,Subject
Energy operator,Subject
Energy particle,Subject
Energy pathways,Subject
Energy per instruction,Subject
Energy performance,Subject
Energy performance indicators,Subject
Energy plan,Subject
Energy planning,Subject
Energy plant,Subject
Energy policy,Subject
Energy policy of India,Subject
Energy policy of the European Union,Subject
Energy policy of the United States,Subject
Energy poverty,Subject
Energy preservation,Subject
Energy pricing,Subject
Energy productivity,Subject
Energy products,Subject
Energy profile,Subject
Energy quality,Subject
Energy rate,Subject
Energy rate density,Subject
Energy rationing,Subject
Energy recovery,Subject
Energy recycling,Subject
Energy reduction,Subject
Energy regeneration,Subject
Energy regulation,Subject
Energy requirement,Subject
Energy reserves,Subject
Energy resources,Subject
Energy retention,Subject
Energy returned on energy invested,Subject
Energy scheduling,Subject
Energy sector,Subject
Energy security,Subject
Energy service,Subject
Energy shaping,Subject
Energy sharing,Subject
Energy shift,Subject
Energy simulation,Subject
Energy source,Subject
Energy spectrum,Subject
Energy statistics,Subject
Energy storage,Subject
Energy storage efficiency,Subject
Energy storage sizing,Subject
Energy strategy,Subject
Energy structure,Subject
Energy subsidies,Subject
Energy supplementation,Subject
Energy supply,Subject
Energy supply and demand,Subject
Energy supply chain,Subject
Energy sustainability,Subject
Energy system,Subject
Energy system design,Subject
Energy system optimization,Subject
Energy tax,Subject
Energy taxis,Subject
Energy technology,Subject
Energy trading,Subject
Energy transfer,Subject
Energy transfer rate,Subject
Energy transfer upconversion,Subject
Energy transformation,Subject
Energy transition,Subject
Energy transport,Subject
Energy users,Subject
Energy value of coal,Subject
Energy variation,Subject
Energy-Generating Resources,Subject
Energy-coupling factor transporter,Subject
Energy-efficiency gap,Subject
Energy-efficient driving,Subject
Energy-plus-house,Subject
Energía Nuclear,Subject
Enterprise Rancheria,Subject
Entiat,Subject
Entropy (energy dispersal),Subject
Enviromental Law Intitute (ELI),Subject
Environmental impact of the energy industry,Subject
Environmental impact of transport,Subject
Environmental- friendly transport,Subject
Eskimo,Subject
Ethnobotanik,Subject
Ethnosphere,Subject
Ethnosphäre,Subject
Etnobotánica,Subject
Etnósfera,Subject
European Association of Aviation Training and Education Organisations,Subject
European Conference of Transport Research Institutes,Subject
European Energy Charter,Subject
European Green Deal,Subject
European Intermodal Research Advisory Council,Subject
European Rail Transport Research Advisory Council,Subject
European Road Transport Research Advisory Council,Subject
European Space Technology Platform,Subject
European Transport networks,Subject
European Union energy label,Subject
European Union energy policy,Subject
European Union energy strategy,Subject
Every Student Succeeds Act (ESSA).,Subject
Ewiiaapaayp Reservation,Subject
Excess energy,Subject
Excess heat,Subject
Excessive energy,Subject
External energy,Subject
Ezra Ripley,Subject
FBI,Subject
FHSS,Subject
FOIA,Subject
FTA,Subject
Faith Based Organizations,Subject
Fallon Paiute-Shoshone Reservation,Subject
Federal,Subject
Federal Bureau of Investigation (FBI),Subject
Federal Constitution,Subject
Federation for the Humanities and Social Sciences,Subject
Feminism,Subject
Feminismo,Subject
Feminismus,Subject
Fenomenología,Subject
Field energy,Subject
Filosofía Latinoamericana,Subject
Filosofía de la Liberación,Subject
Filosofía de la Religión,Subject
Final energy,Subject
First Amendment,Subject
First Continental Congress,Subject
Flandreau Reservation,Subject
Flathead Reservation,Subject
Flight Data Recorders,Subject
Florida,Subject
Flux,Subject
Flux density,Subject
Flywheel energy storage,Subject
Flywheel energy storage system,Subject
Fond du Lac Reservation,Subject
Food energy,Subject
Forest County Potawatomi Community,Subject
Forms of energy,Subject
Fort Apache Reservation,Subject
Fort Belknap Reservation,Subject
Fort Berthold Reservation,Subject
Fort Bidwell Reservation,Subject
Fort Hall Reservation,Subject
Fort Independence Reservation,Subject
Fort McDermitt Indian Reservation,Subject
Fort McDowell Yavapai Nation Reservation,Subject
Fort Mojave Reservation,Subject
Fort Peck Indian Reservation,Subject
Fort Pierce Reservation,Subject
Fort Sill Apache Indian Reservation,Subject
Fort Yuma Indian Reservation,Subject
Founding Fathers,Subject
Fox sports,Subject
Franklin,Subject
Franklin D. Roosevelt,Subject
Franklin Pierce,Subject
Fraser Institute,Subject
Free energy profile,Subject
Freedom of Information Act,Subject
Freedom of Information Act / Privacy Act,Subject
Fuel efficiency,Subject
Funglcide and Rodentlcide Act (FIFRA),Subject
Fusion energy gain factor,Subject
Future Airport Layout,Subject
Förster resonance energy transfer,Subject
Gabrielle Roy,Subject
Galactic Plane,Subject
Gas concentration,Subject
General Atomics,Subject
General Electric Company,Subject
Geology,Subject
Geopolitics,Subject
Geopolitik,Subject
Geopolítica,Subject
George H. W. Bush,Subject
George Soros,Subject
George W. Bush,Subject
George Washington,Subject
Georgia,Subject
Geothermal energy,Subject
Gerald Ford,Subject
German Renewable Energy Sources Act,Subject
Gibbs energy minimization,Subject
Gibbs free energy,Subject
Gila River Indian Reservation,Subject
Global Energy and Water Cycle Experiment,Subject
Global Forum on Migration and Development (GFMD),Subject
Global energy,Subject
Gloria Anzaldúa,Subject
Gold card,Subject
Golgi staining,Subject
Goshute,Subject
Goshute Reservation,Subject
Grand Portage Reservation,Subject
Grand Ronde Community,Subject
Grand Traverse Reservation,Subject
Graph energy,Subject
Graton Rancheria Trust Land,Subject
Gravitational energy,Subject
Great Migration,Subject
Great Migration of Canada,Subject
Great Old Party (GOP),Subject
Green Transport,Subject
Green card,Subject
Green cars,Subject
Green rail transport,Subject
Greenhouse gas,Subject
Greenhouse gas fluxes,Subject
Greenville Rancheria,Subject
Gretchen Whitmer,Subject
Grid energy storage,Subject
Grindstone Indian Rancheria,Subject
Gros Ventre,Subject
Grover Cleveland,Subject
Growing of mobility demand,Subject
Guidance and traffic management,Subject
Guidiville Rancheria,Subject
H-1B Temporary Visas,Subject
HCoV-19,Subject
HPC simulation,Subject
Hannahville Indian Community,Subject
Harm Reduction,Subject
Harry S. Truman,Subject
Harvard University,Subject
Harvesting lightning energy,Subject
Havasupai,Subject
Havasupai Reservation,Subject
Hawaii,Subject
Heart digital twin,Subject
Heat energy,Subject
Heat storage,Subject
Heating energy,Subject
Heilige Pflanzen,Subject
Helmholtz free energy,Subject
Henry Thoreau,Subject
Herbal Medicines,Subject
Herbert Hoover,Subject
Hidatsa,Subject
High Energy Density Matter,Subject
High energy,Subject
High energy accelerator,Subject
High energy irradiation,Subject
High kinetic energy,Subject
High-Energy Shock Waves,Subject
High/low voltage,Subject
Hillary Clinton,Subject
Hispanic Americans,Subject
Historia de la Iglesia,Subject
Historia de las Religiones,Subject
Historic preservation,Subject
History of Religions,Subject
Ho-Chunk,Subject
Ho-Chunk Nation Reservation,Subject
Hoh,Subject
Hoh Indian Reservation,Subject
Hollywood Reservation,Subject
Home energy monitor,Subject
Home energy rating,Subject
Homeland Security,Subject
Homelessness in Canada,Subject
Homelessness in the United States,Subject
Hoopa Valley Reservation,Subject
Hopi,Subject
Hopi Reservation,Subject
Hopland Rancheria,Subject
Houlton Maliseet Reservation,Subject
House Energy Rating,Subject
House of Commons,Subject
Hualapai,Subject
Hualapai Indian Reservation,Subject
Human Rights,Subject
Human Trafficking,Subject
Hupa,Subject
Huron Potawatomi Reservation,Subject
Hybrid energy,Subject
Hydro energy,Subject
Hydropower,Subject
IAS,Subject
IEA,Subject
IEEPA,Subject
INTERNATIONAL ASSOCIATION OF INTER-AMERICAN STUDIES (IAS),Subject
Idaho,Subject
Identidad Nacional,Subject
Illegal Immigration Control Act,Subject
Illegale Märkte,Subject
Illicit Markets,Subject
Illinois,Subject
Immokalee Reservation,Subject
Impact energy,Subject
Impact energy absorption,Subject
In God We trust,Subject
Inaja and Cosmit Reservation,Subject
Inclusion,Subject
Inclusive and affordable transport,Subject
Inclusión,Subject
Increased use of public transport,Subject
Indian Act,Subject
Indian Americans,Subject
Indian Diaspora in US,Subject
Indian Township Reservation,Subject
Indiana,Subject
Indigenous people in Mexico,Subject
Indigenous people in the United States,Subject
Indigenous peoples in Canada,Subject
Inflight refueling,Subject
Inklusion,Subject
Inland shipping,Subject
Inland waterway transport,Subject
Innovative forms of urban transport,Subject
Innovative freight delivery systems,Subject
Innovative freight logistics services,Subject
Innovative powertrains,Subject
Insecticide,Subject
Integrated energy system,Subject
Integrated urban plan,Subject
Inteligencia Artificial,Subject
Intelligence Surveillance Reconnaissance (USAF ISR),Subject
Intelligent Transport System,Subject
Intelligent mobility,Subject
Inter-modal aspects of urban mobility,Subject
Inter-modality infrastructures,Subject
Intermediate energy,Subject
Intermittent energy source,Subject
Intermodal freight transport,Subject
Intermodal travel information,Subject
Internal Security Fund (ISF),Subject
Internal energy,Subject
International Framework for Nuclear Energy Cooperation,Subject
International Refugee Law,Subject
International Refugee Protection Regime,Subject
Internet of things,Subject
Interoperability of transport systems,Subject
Interreligious Dialogue,Subject
Inuit,Subject
Ionization energy,Subject
Iowa,Subject
Iowa Reservation,Subject
Irish in US,Subject
Isabella Reservation,Subject
Isleta Pueblo,Subject
Isotropic energy,Subject
Italians in US,Subject
Jack Layton,Subject
Jackson Rancheria,Subject
Jacques Cartier,Subject
Jagmeet Singh,Subject
Jamaica-Canadian Diaspora,Subject
James A. Garfield,Subject
James Buchanan,Subject
James Madison,Subject
James Monroe,Subject
Jamul Indian Village,Subject
Jefferson,Subject
Jeffrey Davidow,Subject
Jemez,Subject
Jemez Pueblo,Subject
Jena Band of Choctaw Reservation,Subject
Jena Choctaw,Subject
Jews in US,Subject
Jicarilla Apache Nation Reservation,Subject
Jimmy Carter,Subject
Joe Biden,Subject
Joe Lombardo,Subject
John Adams,Subject
John F. Kennedy,Subject
John Hancock,Subject
John Jay,Subject
John Quincy Adams,Subject
John Tyler,Subject
Joint Dark Energy Mission,Subject
Justicia Penal,Subject
Justin Trudeau,Subject
Kaibab Indian Reservation,Subject
Kalispel Reservation,Subject
Kamala Devi Harris,Subject
Kansas,Subject
Karuk Reservation,Subject
Katie Hobbs,Subject
Kentucky,Subject
Kernenergie,Subject
Kickapoo Reservation,Subject
Kikapoo,Subject
Kinetic energy,Subject
Kinetic energy operator,Subject
Kinetic energy recovery system,Subject
Kino Border Initiative,Subject
Kirchengeschichte,Subject
Klallam,Subject
Klamath Reservation,Subject
Komagata Maru incident,Subject
Kootenai Reservation,Subject
Korruption,Subject
Kumeyaay,Subject
Kutenai,Subject
Künstliche Intelligenz,Subject
LIDO metadata schema,Subject
La Jolla Reservation,Subject
La Posta Indian Reservation,Subject
La Raza studies,Subject
Lac Courte Oreilles Reservation,Subject
Lac Vieux Desert Reservation,Subject
Lac du Flambeau Reservation,Subject
Laguna Pueblo,Subject
Lake Traverse Reservation,Subject
Lakota,Subject
Land-use and transport interaction,Subject
Language and Literature,Subject
Large Combustion Plant (LCP),Subject
Las Vegas Indian Colony,Subject
LatCrit,Subject
Lateinamerikanische Philosophie,Subject
Latent internal energy,Subject
Latin American Philosophy,Subject
Latino studies,Subject
Latino vote,Subject
Law and Migrations,Subject
Laytonville Rancheria,Subject
Leakage energy,Subject
Leech Lake Reservation,Subject
Lenguas Ancestrales,Subject
Library of Parliament,Subject
Life-cycle greenhouse-gas emissions of energy sources,Subject
Light energy,Subject
Likely Rancheria,Subject
Likkle Caribbean,Subject
Likkle Jamaica,Subject
Linear energy transfer,Subject
Linguistics and National Identity,Subject
Linguistik,Subject
Linguistik und nationale Identität,Subject
Lingüística e Identidad Nacional,Subject
Literatura y Lenguas Ancestrales,Subject
Literature and Ancestral Languages,Subject
Little Jamaica,Subject
Little River Reservation,Subject
Little Traverse Bay Reservation,Subject
Liver digital twin,Subject
Lone Pine Reservation,Subject
Long Peace,Subject
Lookout Rancheria,Subject
Los Coyotes Reservation,Subject
Louisiana,Subject
Lovelock Indian Colony,Subject
Low energy,Subject
Low energy level,Subject
Low-emission alternative energy for transport,Subject
Low-energy house,Subject
Low-energy transfer,Subject
Lower Brule Reservation,Subject
Lower Elwha Reservation,Subject
Lower Sioux Indian Community,Subject
Lower energy,Subject
Lummi Reservation,Subject
Lxs Otrxs Dreamers,Subject
Lyndon B. Johnson,Subject
Lytton Rancheria,Subject
MAGA,Subject
MERS-CoV,Subject
MIKTA,Subject
MIRPS,Subject
Machine Learning in Astronomy,Subject
Magnetic energy,Subject
Magnetic field energy,Subject
Maidu,Subject
Maine,Subject
Makah Indian Reservation,Subject
Maliseet,Subject
Manchester-Point Arena Rancheria,Subject
Mandan,Subject
Mandatory renewable energy target,Subject
Manitoba,Subject
Manzanita Reservation,Subject
Mapa (Mexican-American Political Association),Subject
Margaret Atwood,Subject
Maricopa,Subject
Maricopa Ak Chin Indian Reservation,Subject
Marine Corps Intelligence,Subject
Marine energy,Subject
Maritime spatial planning,Subject
Maritime transport,Subject
Mark E. Kelly,Subject
Mars,Subject
Martin Luther King,Subject
Martin Van Buren,Subject
Maryland,Subject
Mashantucket Pequot Reservation,Subject
Mashpee Wampanoag Reservation,Subject
Mass energy,Subject
Massachusetts,Subject
Match-e-be-nash-she-wish Band of Pottawatomi Reservation,Subject
Material science,Subject
Mattaponi Reservation,Subject
Maximal energy,Subject
Maximum energy capture,Subject
Mecha (Movimiento Estudiantil Chicano de Aztlán),Subject
Mechanical energy,Subject
Mechanical energy storage,Subject
Medicinal Plants,Subject
Medicinas a Base de Plantas,Subject
Meech Lake Accord,Subject
Melting Pot,Subject
Menominee Reservation,Subject
Menschenhandel,Subject
Menschenrechte,Subject
Mental Health,Subject
Mercados Ilícitos,Subject
Mesa Grande Reservation,Subject
Mescalero Reservation,Subject
Mexican American,Subject
Mexican American Women,Subject
Mexican Americans authors,Subject
Mexican Americans in Literature,Subject
Mexican Canadians,Subject
Mexican cultural industries,Subject
Mexican temporary agricultural Workers in Canada,Subject
Mexican-Americans,Subject
Mexicans in Canada,Subject
Mexico and United States and Canada,Subject
Mexico-U.S,Subject
Mexico-U.S. relations,Subject
Mexico-United States border studies,Subject
Miccosukee Reservation,Subject
Michigan,Subject
Middle East Respiratory Syndrome,Subject
Middletown Rancheria,Subject
Migrant Workers Alliance for Change (MWAC),Subject
Migration Policy Institute,Subject
Millard Fillmore,Subject
Mille Lacs Reservation,Subject
Miluk Coos,Subject
Minimal free energy,Subject
Minimum energy control,Subject
Minimum free energy,Subject
Minimum ignition energy,Subject
Minimum total potential energy principle,Subject
Minnesota,Subject
Minnesota Chippewa Trust Land,Subject
Missing energy,Subject
Mississippi,Subject
Mississippi Choctaw Reservation,Subject
Missouri,Subject
Miwok,Subject
Miꞌkmaq,Subject
Moapa River Indian Reservation,Subject
Mobility integration,Subject
Mobility services for people and goods,Subject
Mohave,Subject
Mohegan Reservation,Subject
Moist static energy,Subject
Mono,Subject
Monroe Doctrine,Subject
Monroe doctrine,Subject
Montana,Subject
Montgomery Creek Rancheria,Subject
Mooretown Rancheria,Subject
Morongo Reservation,Subject
Motorway of the Sea,Subject
Movimiento Estudiantil Chicano,Subject
Muckleshoot,Subject
Muckleshoot Reservation,Subject
Multibeam Backscatter,Subject
Multimodal Brain Image Analysis,Subject
Music Canada,Subject
NAFTA,Subject
NAFTA renegotiation,Subject
NGA,Subject
NRO,Subject
NSA,Subject
Nachhaltige Entwicklung,Subject
Nakota,Subject
Nambe Pueblo,Subject
Narcotráfico,Subject
Narragansett Reservation,Subject
NatCon,Subject
NatGeo,Subject
National Appliance Energy Conservation Act,Subject
National Conservatism Conference,Subject
National Democratic Congress (NDC),Subject
National Energy Act,Subject
National Energy Modeling System,Subject
National Foreign Intelligence Program.,Subject
National Geospatial-Intelligence Agency (NGA),Subject
National Identity,Subject
National Immigration Forum,Subject
National Intelligence Program,Subject
National Reconnaissance Office (NRO),Subject
National Reconnaissance Program,Subject
National Renewable Energy Action Plan,Subject
National Security Agency,Subject
Native Americans,Subject
Natural energy,Subject
Navajo,Subject
Navajo Nation,Subject
Navigation and control systems for optimised planning and routing,Subject
Navy Intelligence,Subject
Nebraska,Subject
Negative energy,Subject
Negro Fort,Subject
Negro War,Subject
Negroes in US,Subject
Nespelem,Subject
Net energy,Subject
Net energy gain,Subject
Net energy value,Subject
Network and traffic management systems,Subject
Neue Technologien,Subject
Nevada,Subject
New Brunswick,Subject
New Hampshire,Subject
New Jersey,Subject
New Mexico,Subject
New Technologies,Subject
New York,Subject
New York Conspiracy of 1741,Subject
New York Declaration for Refugees and Migrants,Subject
Newfoundland and Labrador,Subject
Nez Perce,Subject
Nez Perce Reservation,Subject
Nigro-War,Subject
Nisqually,Subject
Nisqually Reservation,Subject
No Child Left behind Act of 2001,Subject
Nonlinear energy operator,Subject
Nooksack Reservation,Subject
Normalized energy deviation,Subject
North America,Subject
North American,Subject
North American Free Trade Agreement,Subject
North American cultural industries,Subject
North American trade,Subject
North Carolina,Subject
North Dakota,Subject
North Fork Rancheria,Subject
Northern American,Subject
Northern Cheyenne Indian Reservation,Subject
Northern Paiute,Subject
Northern Shoshone,Subject
Northwest Territories,Subject
Northwestern Shoshone Reservation,Subject
Nova Scotia,Subject
Nuclear Energy,Subject
Nuclear energy,Subject
Nuclear energy policy,Subject
Nuclear power,Subject
Nuevas Tecnologías,Subject
Nunavut,Subject
Nuu-chah-nulth,Subject
Nycole Turmel,Subject
ODA,Subject
OSINT,Subject
Obama,Subject
Obamacare,Subject
Ocean mapping,Subject
Ocean thermal energy conversion,Subject
Office of the Director of National Intelligence (DNI),Subject
Offshore renewable energy,Subject
Ohio,Subject
Ohkay Owingeh,Subject
Oil Springs Reservation,Subject
Ojibwe,Subject
Oklahoma,Subject
Old North Bridge,Subject
Omaha Reservation,Subject
On-demand public transport,Subject
Oneida Nation Reservation,Subject
Oneida Reservation,Subject
Onondaga Nation Reservation,Subject
Ontario,Subject
Ontonagon Reservation,Subject
OpenStreetMap,Subject
Operating energy,Subject
Operational energy,Subject
Operativo Centinela,Subject
Oregon,Subject
Organisiertes Verbrechen,Subject
Organizaciones Basadas en la Fe,Subject
Organized crime,Subject
Orthocoronavirinae,Subject
Osage Reservation,Subject
Otros Dreamers en Acción (ODA),Subject
Otros Dreams en Acción (ODA),Subject
Overall Energy Level,Subject
PTAP,Subject
PV,Subject
PV system,Subject
PVGIS,Subject
Pacto Mundial sobre los Refugiados,Subject
Paiute Reservation,Subject
Pala Reservation,Subject
Paleostress,Subject
Palouse,Subject
Pamunkey Reservation,Subject
Panlatinidad,Subject
Panlatino,Subject
Pascua Pueblo Yaqui Reservation,Subject
Paskenta Rancheria,Subject
Passamaquoddy,Subject
Passamaquoddy Trust Land,Subject
Passenger mobility,Subject
Patriot Act,Subject
Patriots,Subject
Pauma and Yuima Reservation,Subject
Pax Americana,Subject
Pechanga Reservation,Subject
Pennsylvania,Subject
Penobscot,Subject
Penobscot Reservation,Subject
Penobscot Trust Land,Subject
Personal Air Transport,Subject
Personal Rapid Transit system,Subject
Petition to the King,Subject
Pew Research C,Subject
Phenomenology,Subject
Philosophie der Befreiung,Subject
Philosophy of Liberation,Subject
Philosophy of Religion,Subject
Photovoltaic,Subject
Photovoltaic energy conversion,Subject
Photovoltaic solar energy,Subject
Photovoltaics,Subject
Phänomenologie,Subject
Picayune Rancheria,Subject
Picuris Pueblo,Subject
Pigmentocracias,Subject
Pilgrims,Subject
Pima,Subject
Pine Ridge Reservation,Subject
Pinoleville Rancheria,Subject
Pipeline transport,Subject
Pit River,Subject
Pit River Trust Land,Subject
Plan Integral AmbientaI Fronterizo,Subject
Plan Mérida,Subject
Planetary Science,Subject
Plant-Based Medicines,Subject
Plantas Medicinales,Subject
Plantas Sagradas,Subject
Plasma energy,Subject
Pleasant Point Reservation,Subject
Plymouth Colony,Subject
Poarch Creek Reservation,Subject
Poblaciones Especiales,Subject
Pocha House,Subject
Pocho,Subject
Pokagon Reservation,Subject
Poll Tax,Subject
Polluting transport,Subject
Política de Drogas,Subject
Pomo,Subject
Ponca,Subject
Ponca Trust Land,Subject
Port Gamble Reservation,Subject
Port Madison Reservation,Subject
Positive energy,Subject
Positive energy theorem,Subject
Potawatomi,Subject
Potential energy,Subject
Potential energy landscape,Subject
Potential energy surface,Subject
Power lines,Subject
Power2X,Subject
Power2gas,Subject
Powerplants,Subject
Prairie Band of Potawatomi Nation Reservation,Subject
Prairie Island Indian Community,Subject
Prevención de Blanqueo de Capitales,Subject
Primary Energy Resources,Subject
Primary energy,Subject
Primary energy consumption,Subject
Prince Edward Island,Subject
Principle of minimum energy,Subject
Privacy Act,Subject
Programa de Trabajadores Agrícolas Temporales (PTAT),Subject
Proliferation Security Initiative,Subject
Proliferation Security Initiatives,Subject
Psicodélicos,Subject
Psychedelics,Subject
Psychedelika,Subject
Psychische Gesundheit,Subject
Public transport system,Subject
Pueblo de Cochiti,Subject
Pueblo of Pojoaque,Subject
Puertopia,Subject
Pulse energy density,Subject
Puritans,Subject
Puyallup Reservation,Subject
Pyramid Lake Paiute Reservation,Subject
Quakers,Subject
Quality of transport system and services,Subject
Qualla Boundary,Subject
Quartz Valley Reservation,Subject
Quebec,Subject
Quechan,Subject
Quileute Reservation,Subject
Quinault,Subject
Quinault Reservation,Subject
Radiant energy,Subject
Radiant energy density,Subject
Radio Astronomy,Subject
Radio frequency energy,Subject
Radon,Subject
Radon measurements,Subject
Radon monitoring,Subject
Rail technologies,Subject
Rail transport,Subject
Railway dynamics,Subject
Railway transport,Subject
Railways applications,Subject
Ralph Waldo Emerson,Subject
Ramona Village,Subject
Random energy model,Subject
Rational use of motorised transport,Subject
Reaction energy,Subject
Reactive energy,Subject
Recommended energy intake,Subject
Red Cliff Reservation,Subject
Red Lake Reservation,Subject
Redding Rancheria,Subject
Redfield & Wilton Strategies,Subject
Reducción de Daños,Subject
Reduced energy expenditure,Subject
Redwood Valley Rancheria,Subject
Regenerative energy,Subject
Religiones Comparadas,Subject
Religionsgeschichte,Subject
Religionsphilosophie,Subject
Renewable Energy Certificate,Subject
Renewable energy,Subject
Renewable energy commercialization,Subject
Renewable energy consumption,Subject
Renewable energy credit,Subject
Renewable energy debate,Subject
Renewable energy in Argentina,Subject
Renewable energy in Brazil,Subject
Renewable energy in China,Subject
Renewable energy in Denmark,Subject
Renewable energy in the European Union,Subject
Renewable energy in the Philippines,Subject
Renewable energy investment,Subject
Renewable energy law,Subject
Renewable energy penetration,Subject
Renewable energy policy,Subject
Renewable energy sources,Subject
Renewable energy storage,Subject
Renewable energy supply,Subject
Renewable energy system,Subject
Renewable energy technology,Subject
Renewable thermal energy,Subject
Reno-Sparks Indian Colony,Subject
Resident Return Visas (RRV),Subject
Residential energy,Subject
Residual energy,Subject
Resighini Rancheria,Subject
Responsible Business Conduct Abroad: Canada’s Strategy for The Future,Subject
Revolutionary War,Subject
Rhode Island,Subject
Richard Nixon,Subject
Rincon Reservation,Subject
River Information Services,Subject
Road traffic monitoring,Subject
Road transport,Subject
Roaring Creek Rancheria,Subject
Robert Livingston,Subject
Robinson Rancheria,Subject
Roger Sherman,Subject
Roger Williams,Subject
Rohnerville Rancheria,Subject
Ronald Reagan,Subject
Rosebud Indian Reservation,Subject
Rotational energy,Subject
Round Valley Reservation,Subject
Roy Cooper,Subject
Rumsey Indian Rancheria,Subject
Rutherford B. Hayes,Subject
SARS,Subject
SARS-CoV,Subject
SARS-CoV-2,Subject
SDG1 - No poverty,Subject
SDG10 - Reduced inequalities,Subject
SDG11 - Sustainable cities and communities,Subject
SDG12 - Responsible consumption and production,Subject
SDG13 - Climate action,Subject
SDG14 - Life below water,Subject
SDG15 - Life on land,Subject
SDG16 - Peace justice and strong institutions,Subject
SDG17 - Partnerships for the goals,Subject
SDG2 - Zero hunger,Subject
SDG3 - Good health and well being,Subject
SDG4 - Quality education,Subject
SDG5 - Gender equality,Subject
SDG6 - Clean water and sanitation,Subject
SDG7 - Affordable and clean energy,Subject
SDG8 - Decent work and economic growth,Subject
SDG9 - Industry innovation and infrastructure,Subject
SEAP,Subject
SEAP/SECAP,Subject
SECAP,Subject
SKA,Subject
SO2,Subject
STEM workers,Subject
STRIA,Subject
Sac and Fox Nation Reservation,Subject
Sac and Fox Nation Trust Land,Subject
Sac and Fox/Meskwaki Settlement,Subject
Sacred Plants,Subject
Safety measures & requirements for roads,Subject
Saginaw Chippewa,Subject
Saguenay,Subject
Salt River Reservation,Subject
Salud Mental,Subject
Samuel Staples,Subject
Samuel de Champlain,Subject
San Carlos Reservation,Subject
San Felipe Pueblo,Subject
San Ildefonso Pueblo,Subject
San Manuel Reservation,Subject
San Pasqual Reservation,Subject
Sandia Pueblo,Subject
Sanpoil,Subject
Santa Ana Pueblo,Subject
Santa Clara Pueblo,Subject
Santa Rosa Rancheria,Subject
Santa Rosa Reservation,Subject
Santa Ynez Reservation,Subject
Santa Ysabel Reservation,Subject
Santee Reservation,Subject
Santo Domingo Pueblo,Subject
Saskatchewan,Subject
Sauk-Suiattle Reservation,Subject
Sault Ste. Marie Reservation,Subject
Science Policy Network from Latin America,Subject
Sea hubs and the motorways of the sea,Subject
Seabed classification,Subject
Seamless mobility,Subject
Seasonal Agricultural Worker Program (SAWP),Subject
Seasonal Agricultury Worker Program (SAWP),Subject
Seasonal energy efficiency ratio,Subject
Seasonal thermal energy storage,Subject
Second Continental Congress,Subject
Second Great Migration,Subject
Secondary Energy Resource,Subject
Secondary energy,Subject
Secwepemc,Subject
Selbstmedikation,Subject
Self-medication,Subject
Seminole,Subject
Seminole Trust Land,Subject
Senator Daniel Webster,Subject
Seneca,Subject
Severe Acute Respiratory Syndrome,Subject
Severe acute respiratory syndrome coronavirus 2,Subject
Shakopee Mdewakanton Sioux Community,Subject
Shared mobility,Subject
Shared mobility for people and goods,Subject
Sherwood Valley Rancheria,Subject
Shingle Springs Rancheria,Subject
Shinnecock Reservation,Subject
Shoalwater Bay Indian Reservation,Subject
Short Sea Shipping,Subject
Siletz Reservation,Subject
Single European Sky,Subject
Sinixt,Subject
Sinkiuse-Columbia,Subject
Siuslaw,Subject
Skokomish Reservation,Subject
Skull Valley Reservation,Subject
Smart city planning,Subject
Smart energy systems,Subject
Smart mobility,Subject
Smart mobility and services,Subject
Smith River Rancheria,Subject
Snoqualmie Reservation,Subject
Soboba Reservation,Subject
Sokaogon Chippewa Community,Subject
Solar Energy Generating Systems,Subject
Solar Renewable Energy Certificate,Subject
Solar energy,Subject
Solar energy conversion,Subject
Solar energy conversion efficiency,Subject
Solar energy harvesting,Subject
Solar energy storage,Subject
Solar hydrogen energy cycle,Subject
Solar panel,Subject
Solar thermal,Subject
Solar thermal energy,Subject
Sound energy density,Subject
Sound energy flux,Subject
Source finding,Subject
South Carolina,Subject
South Dakota,Subject
South Fork Reservation,Subject
Southern Paiute,Subject
Southern Ute Reservation,Subject
Space Maps Mosaicking,Subject
Special Populations,Subject
Specific energy,Subject
Specific energy absorption,Subject
Specific energy consumption,Subject
Specific energy density,Subject
Specific kinetic energy,Subject
Specific mechanical energy,Subject
Specific orbital energy,Subject
Specific potential energy,Subject
Specific surface energy,Subject
Spectral energy distribution,Subject
Spirit Lake Reservation,Subject
Spokane Reservation,Subject
Sprachen der Ahnen,Subject
Squaxin Island Reservation,Subject
St. Croix Reservation,Subject
St. Regis Mohawk Reservation,Subject
Stablecoin,Subject
Standard Gibbs free energy of formation,Subject
Standing Rock Reservation,Subject
Star Formation,Subject
State of energy,Subject
Statement of Principles on Academic Freedom and Tenure,Subject
Statistical energy analysis,Subject
Stephen Harper,Subject
Stewart Community,Subject
Stewarts Point Rancheria,Subject
Stillaguamish Reservation,Subject
Stockbridge Munsee Community,Subject
Storage energy,Subject
Stored energy,Subject
Strafjustiz,Subject
Strain energy density function,Subject
Stress field,Subject
Stress map reconstruction,Subject
Submarine Geomorphology,Subject
Subnational Dynamics in North America,Subject
Suffolk Resolves,Subject
Sulphur Bank Rancheria,Subject
Summit Lake Reservation,Subject
Supercapacitor energy storage,Subject
Superconducting magnetic energy storage,Subject
Supreme Court of the United Startes (SCOTUS),Subject
Surface energy balance,Subject
Surface energy flux,Subject
Surface energy transfer,Subject
Surveillance,Subject
Susanville Indian Rancheria,Subject
Sustainable Development,Subject
Sustainable Energy Utility,Subject
Sustainable building,Subject
Sustainable energy,Subject
Sustainable transport,Subject
Sustainable urban systems,Subject
Swinomish Reservation,Subject
Sycuan Reservation,Subject
Syilx,Subject
Synthetic Drugs,Subject
Síndrome Respiratorio Agudo Severo,Subject
T-MEC,Subject
T1 pulse sequence,Subject
T2 pulse sequence,Subject
TLCAN,Subject
Table Bluff Reservation,Subject
Table Mountain Rancheria,Subject
Tampa Reservation,Subject
Taos Pueblo,Subject
Tea Act,Subject
Temporary Foreing Worker Program (TFWP),Subject
Tennessee,Subject
Teología,Subject
Teología de la Liberación,Subject
Teología de la Vida,Subject
Terrorismusbekämpfung,Subject
Tesuque Pueblo,Subject
Tewa,Subject
Texas,Subject
The 24th Amendment,Subject
The American Scholar,Subject
The Americas Partnership for Economic Prosperity (APEP),Subject
The Constitution of the United States,Subject
The Heritage Foundation,Subject
The New England Settlers,Subject
The O’Really Factor,Subject
The Rust Belt,Subject
The Security and Prosperity Partnership of North America (SPP),Subject
The Sherbooke Declaration,Subject
The Vangard Group,Subject
The Well,Subject
The nonimmigrant NAFTA Professional (TN) visa,Subject
Theodore Roosevelt,Subject
Theologie,Subject
Theologie des Lebens,Subject
Theology,Subject
Theology of Liberation,Subject
Theology of Life,Subject
Thermal Energy Evaluation,Subject
Thermal activation energy,Subject
Thermal energy,Subject
Thermal energy harvesting,Subject
Thermal energy recovery,Subject
Thermal energy storage,Subject
Thermal energy storage system,Subject
Thermodynamic free energy,Subject
Thermoelectric energy conversion,Subject
Thermoelectric energy harvesting,Subject
Thirteen Colonies,Subject
Thomas Jefferson,Subject
Thomas Mulcair,Subject
Thomas Paine,Subject
Threshold energy,Subject
Tidal current energy,Subject
Tidal stream energy,Subject
Tijuana,Subject
Tim Walz,Subject
Timbi-Sha Shoshone Reservation,Subject
Timms staining,Subject
Tiwa,Subject
Tolowa,Subject
Tom Ridge,Subject
Tommy Douglas,Subject
Tonawanda Reservation,Subject
Tonto Apache Reservation,Subject
Torres-Martinez Reservation,Subject
Total energy,Subject
Total energy expenditure,Subject
Traffic congestion,Subject
Traffic engineering,Subject
Transient energy function,Subject
Translational energy,Subject
Transport electrification,Subject
Transport pricing,Subject
Transportation energy,Subject
Transportation engineering,Subject
Tratado Interamericano de Asistencia Recíproca (TIAR),Subject
Tratado de Guadalupe Hidalgo,Subject
Tratado de Libre Comercio,Subject
Traveller services,Subject
Trinidad Rancheria,Subject
Triple energy window,Subject
Truth and Reconciliation Commission of Canada,Subject
Tráfico de Personas,Subject
Tsimshian,Subject
Tulalip Reservation,Subject
Tule River Reservation,Subject
Tunica-Biloxi Reservation,Subject
Tuolumne Rancheria,Subject
Turbulence kinetic energy,Subject
Turbulent energy dissipation,Subject
Turtle Mountain Reservation,Subject
Tuscarora Nation Reservation,Subject
Tweed Marijuana Inc.,Subject
Twenty-Nine Palms Reservation,Subject
U. S. Custom and Borde Protection,Subject
U. S. Department of State,Subject
U. S. Department of the Navy,Subject
U. S. Fed Rate,Subject
U.S. Air Force Intelligence,Subject
U.S. Army Intelligence (G-2),Subject
U.S. Border Patrol,Subject
U.S. Code,Subject
U.S. Customs and Border Protection,Subject
U.S. Department of the Treasury,Subject
U.S. Department of the Treasury’s Office of Terrorism and Financial Intelligence (TFI),Subject
U.S. Federalism,Subject
U.S. House of Representatives,Subject
U.S. Immigration and Customs Enforcement (ICE),Subject
U.S. Intelligence Community,Subject
U.S. Interdisciplinary Studies,Subject
U.S. Marine Corps USMC),Subject
U.S. National Intelligence Community,Subject
U.S. Naval Intelligence,Subject
U.S. Space Force (USSF),Subject
U.S. elections,Subject
U.S.-Mexico Free Trade Negotiations and the Envtronment,Subject
UBEM,Subject
UMSCA,Subject
UN Migration Agency,Subject
UN Refugee Agency (UNHCR),Subject
UNHCR,Subject
UNODC,Subject
UNPD,Subject
US New Republic,Subject
US politics,Subject
US-Mexico Border,Subject
USAID,Subject
USMC,Subject
USMCA,Subject
USSF,Subject
Uintah and Ouray Reservation,Subject
Ulysses S. Grant,Subject
Umatilla Reservation,Subject
Umpqua,Subject
Uncle Sam,Subject
Underwater Photogrammetry,Subject
UndocuCrit,Subject
Undocumented Youth Movement,Subject
United Farm Workers,Subject
United Nations High Commissioner for Refugees (UNHCR),Subject
United Nations’s Sustainable Development Goals,Subject
United States Army,Subject
United States Department of Energy International Energy Storage Database,Subject
United States Navy,Subject
United States and Canada and Mexico,Subject
United States energy independence,Subject
United States legislative agenda,Subject
United States-Mexico relations,Subject
Unites Nations Organizations,Subject
Units of energy,Subject
Upper Canada,Subject
Upper Lake Rancheria,Subject
Upper Sioux Community,Subject
Upper Skagit Reservation,Subject
Urban building energy modeling,Subject
Urban energy Planning,Subject
Urban logistics,Subject
Urban mobility solutions,Subject
Ursprachen,Subject
Us -Mexico transboundary,Subject
Utah,Subject
Ute Mountain Reservation,Subject
Variable renewable energy,Subject
Vegetable oils as alternative energy,Subject
Vehicle design,Subject
Vehicle efficiency,Subject
Vehicle manufacturing,Subject
Vermont,Subject
Vibrational energy,Subject
Viejas Reservation,Subject
Vietnam War,Subject
Virginia,Subject
Virtual Reality,Subject
Visible energy,Subject
Visual Analytics,Subject
Visualization,Subject
Vulnerable road users,Subject
W estern Interstate Commission for Higher Education (wiche),Subject
WATERBORNE ETP,Subject
WIPO,Subject
WUSC (World University Service of Canada),Subject
Wailaki,Subject
Walker River Reservation,Subject
Wall of Separation,Subject
Wampanoag,Subject
Wampanoag-Aquinnah Trust Land,Subject
Warm Springs Reservation,Subject
Warren G. Harding,Subject
Washington,Subject
Washoe,Subject
Washoe Ranches Trust Land,Subject
Waste-to-energy,Subject
Waste-to-energy plant,Subject
Water energy,Subject
Water-energy nexus,Subject
Watergate Scandal,Subject
Wave energy converter,Subject
Weighted energy,Subject
Wells Colony,Subject
Wenatchi,Subject
Wendell Phillips,Subject
West Virginia,Subject
Western Shoshone,Subject
Whig Party,Subject
White Earth Reservation,Subject
White House (WH),Subject
White House Initiative on Historically Black Colleges and Universities (HBCU),Subject
White West,Subject
Whitness,Subject
William Bradford,Subject
William Henry Harrison,Subject
William Howard Taft,Subject
William McKinley,Subject
William Penn,Subject
Wilson Center,Subject
Wilton Rancheria Trust Land,Subject
Wind River Reservation,Subject
Wind energy,Subject
Wind energy conversion,Subject
Wind energy penetration,Subject
Wind turbine,Subject
Winnebago Reservation,Subject
Winnemucca Indian Colony,Subject
Wintu,Subject
Wintun,Subject
Wireless energy harvesting,Subject
Wireless sensor networks energy conservation,Subject
Wireless sensor networks energy consumption,Subject
Wireless sensor networks energy harvesting,Subject
Wisconsin,Subject
Women in politics–United States,Subject
Woodfords Community,Subject
Woodrow Wilson,Subject
World Energy Outlook,Subject
World Intellectual Property Organization (WIPO),Subject
World energy consumption,Subject
World energy resources,Subject
Worldwide energy supply,Subject
Wyoming,Subject
XL Ranch Rancheria,Subject
Yakama Nation Reservation,Subject
Yale University,Subject
Yankton Reservation,Subject
Yavapai,Subject
Yavapai-Apache Nation Reservation,Subject
Yavapai-Prescott Reservation,Subject
Yerington Colony,Subject
Yomba Reservation,Subject
Ysleta del Sur Pueblo,Subject
Yukon,Subject
Yurok,Subject
Yurok Reservation,Subject
Zachary Taylor,Subject
Zeeman energy,Subject
Zero-energy building,Subject
Zero-energy universe,Subject
Zia Pueblo,Subject
Zuni Reservation,Subject
african vote,Subject
agriculture,Subject
air traffic management,Subject
air transport system,Subject
air vehicles,Subject
alc,Subject
allophone,Subject
alternative energy,Subject
alzheimers disease,Subject
anglophone,Subject
anterograde tracing,Subject
apep,Subject
aqua,Subject
archaeological conservation,Subject
archaeological reports,Subject
archaeological sites,Subject
archaeological stratigraphy,Subject
archaeology,Subject
architectural orders,Subject
architecture conservation,Subject
art conservation,Subject
art history,Subject
arterial spin labelling,Subject
artificial intelligence in healthcare,Subject
artificial intelligence in medicine,Subject
asymmetric synapse,Subject
autism spectrum disorder,Subject
automated and shared vehicles,Subject
aviation’s climate impact,Subject
axon,Subject
axon terminal,Subject
bilateral relations mexico and united states,Subject
bioarchaeology,Subject
biodiesel,Subject
bioenergy,Subject
bioethanol,Subject
biofuel,Subject
biogas,Subject
biomass,Subject
biomethane,Subject
black communities of british columbia,Subject
black history in canada,Subject
black matters,Subject
black nationalism,Subject
black power,Subject
blue collar workers,Subject
brain,Subject
brain abnormalities,Subject
brain digital twin,Subject
brain drain,Subject
brain fingerprinting,Subject
brain imaging,Subject
brain magnetic resonance imaging,Subject
brain mapping,Subject
brain ultrasonic imaging,Subject
"brain,neuroimaging",Subject
building efficiency,Subject
building energy performance simulation,Subject
burials,Subject
calcium imaging,Subject
canadian conservatism,Subject
cannabis in Canada,Subject
cannabis in the United States,Subject
cannabis workforce in Canada,Subject
cannabis workforce in the United States,Subject
cardiovascular digital twin,Subject
castles,Subject
cell attached patch clamp,Subject
central nervous system,Subject
cerebral atrophy,Subject
chapels,Subject
chicana poetry,Subject
chicano movie,Subject
chicano writers,Subject
chicanos,Subject
chicanx,Subject
cholinergic system,Subject
churches,Subject
classic art,Subject
clean energy,Subject
climate change,Subject
climate finance data,Subject
cnn,Subject
coal,Subject
coins,Subject
competitive migration regimes,Subject
computational modelling of bones,Subject
computational modelling of brain,Subject
computational modelling of cancer,Subject
computational modelling of cardiovascular systems,Subject
computational modelling of drugs,Subject
computational modelling of heart,Subject
computational modelling of intensive care,Subject
computational modelling of kidneys,Subject
computational modelling of liver,Subject
computational modelling of osteoporosis,Subject
computerized knowledge assessment,Subject
connectome mapping,Subject
contemporary art,Subject
coronavirus,Subject
coronavirus disease 2019,Subject
coronavirus disease-19,Subject
coronaviruses,Subject
cost of energy,Subject
craniotomy,Subject
critical sociocybernetics,Subject
cross-border studies,Subject
cultural heritage,Subject
decorations,Subject
dendrite,Subject
dendritic spine,Subject
diffusion tensor imaging,Subject
diffusion weighted imaging,Subject
digital Transformation,Subject
digital archaeology,Subject
digital cultural heritage,Subject
digital humanities,Subject
digital twin of bones,Subject
digital twin of intensive care,Subject
digital twin of osteoporosis,Subject
digital twins in healthcare,Subject
digital twins in medicine,Subject
digitalisation,Subject
digitalised forestry,Subject
digitalization,Subject
digitalization methods,Subject
digitisation,Subject
digitization,Subject
direct uses of the heat,Subject
donald trump,Subject
door-to- door logistics chain,Subject
dopamine,Subject
double-haters,Subject
elections in the United States,Subject
electrical supply,Subject
electrification of railway wagons,Subject
electrocorticography,Subject
electroencephalography,Subject
electromyography,Subject
emission abatement,Subject
energy audit,Subject
energy conservation,Subject
energy consumption,Subject
energy conversion,Subject
energy crisis,Subject
energy demand,Subject
energy dependence,Subject
energy distribution,Subject
energy diversification,Subject
energy efficiency,Subject
energy grid,Subject
energy industry,Subject
energy law,Subject
energy legislation,Subject
energy management,Subject
energy market,Subject
energy needs,Subject
energy network,Subject
energy policy,Subject
energy production,Subject
energy recovery,Subject
energy regulations,Subject
energy requirements,Subject
energy research,Subject
energy retrofit,Subject
energy saving,Subject
energy sector,Subject
energy site,Subject
energy statistics,Subject
energy storage,Subject
energy supply,Subject
energy technology,Subject
energy transition,Subject
energy transport,Subject
energy union,Subject
energy use,Subject
environmental archaeology,Subject
epidural electrocorticography,Subject
epilepsy,Subject
ethanol,Subject
ethics of digital twins,Subject
europeana,Subject
europeana data model,Subject
excavation,Subject
fMRI,Subject
"fMRI,neuroinformatics",Subject
fetal brain,Subject
field walking,Subject
fine arts,Subject
fish,Subject
focal cerebral ischemia,Subject
forestry,Subject
fossil fuel,Subject
fox news,Subject
fragile X syndrome,Subject
francophone,Subject
frescoes,Subject
fuel cell,Subject
functional magnetic resonance imaging,Subject
gaba,Subject
gabaergic system,Subject
geothermal,Subject
geothermal district heating,Subject
geothermal energy,Subject
geothermal map,Subject
geothermal market,Subject
geothermal potential,Subject
geothermal reservoirs,Subject
geothermal resource assessment,Subject
geothermal suitability,Subject
geothermics,Subject
glaubensbasierte Organisationen,Subject
glioma,Subject
glutamate,Subject
glutamatergic system,Subject
green energy,Subject
green fuel,Subject
greenhouse gas emissions,Subject
gross floor area,Subject
harriet tumbman,Subject
heat demand estimation,Subject
heat recovery,Subject
heating and cooling planning,Subject
heritage science,Subject
high density electroencephalography,Subject
high field functional magnetic resonance imaging,Subject
high field magnetic resonance imaging,Subject
high speed rail,Subject
high-speed railway,Subject
history,Subject
immigration diplomacy in Canada,Subject
immigration diplomacy in Mexico,Subject
immigration diplomacy in North America,Subject
immigration diplomacy in the United States,Subject
immigration reform,Subject
inland navigation,Subject
inland waterway services,Subject
inscriptions,Subject
intangible cultural heritage,Subject
international cooperation,Subject
international migration,Subject
international order,Subject
interreligiöser Dialog,Subject
intracranial electroencephalography,Subject
jel:L92,Subject
jel:Q - Agricultural and Natural Resource Economics â€¢ Environmental and Ecological Economics/Q.Q4 - Energy/Q.Q4.Q41 - Demand and Supply â€¢ Prices,Subject
jel:Q4,Subject
jel:Q40,Subject
jel:Q41,Subject
jel:Q42,Subject
jel:Q43,Subject
jel:Q47,Subject
jel:Q48,Subject
kamala harris,Subject
kidney digital twin,Subject
latinx,Subject
left in the United States,Subject
legal aspects of digital twins,Subject
linguistic studies,Subject
lithics,Subject
local climate action,Subject
long distance freight transport,Subject
low-carbon energy,Subject
machine learning in healthcare,Subject
machine learning in medicine,Subject
magnetic resonance imaging,Subject
magnetoencephalography,Subject
make american great again (MAGA),Subject
marine,Subject
measurement_unit.energy_unit,Subject
medieval art,Subject
meningioma,Subject
mental disorder,Subject
merican Universities,Subject
mesh:C000657245,Subject
mesh:COVID-19,Subject
mesh:D045169,Subject
mesh:Energy Transfer*,Subject
mexican american,Subject
mexicanamerican,Subject
migrant hospitality,Subject
modern art,Subject
monuments,Subject
mosaics,Subject
multi electrode extracellular electrophysiology,Subject
multiple sclerosis,Subject
multiple whole cell patch clamp,Subject
myelin staining,Subject
nationale Identität,Subject
natural language processing,Subject
nba,Subject
nbc,Subject
nearshoring,Subject
nerve fiber,Subject
neural connectivity,Subject
neurite,Subject
neurofilament,Subject
neuroimaging,Subject
neuroinformatics,Subject
neuromorphic simulation,Subject
neuron,Subject
nfl,Subject
night studies,Subject
nocturnality,Subject
non-renewable energy,Subject
noradrenergic system,Subject
northern border,Subject
nuclear energy,Subject
nuclear power,Subject
numismatics,Subject
ocean,Subject
optimal resource management,Subject
optogenetic inhibition,Subject
pachucos,Subject
paintings,Subject
palaeoanthropology,Subject
paradiplomacy,Subject
parkinsons disease,Subject
patch clamp,Subject
photovoltaic,Subject
poesía chicana,Subject
port-area railway networks,Subject
pottery,Subject
power industry,Subject
power sector,Subject
precision agriculture,Subject
precision farming,Subject
price of energy,Subject
pricing for cross-border passenger transport,Subject
privacy in digital twins,Subject
psychological testing,Subject
public transportation,Subject
quantitative magnetic resonance imaging,Subject
re-immigration,Subject
religious art,Subject
religious freedom in the United States,Subject
remigration,Subject
remote sensing,Subject
renewable energy,Subject
renewable energy resource,Subject
renewable energy source,Subject
repatriation,Subject
restoration,Subject
retinotopic mapping,Subject
retrograde tracing,Subject
return migration,Subject
right in the United Stares,Subject
robotics,Subject
rural area,Subject
sars cov 2,Subject
saturday night life,Subject
scientific archives,Subject
sea,Subject
section 232,Subject
serotonergic system,Subject
serotonin,Subject
severe acute respiratory syndrome coronavirus 2,Subject
skilled migration,Subject
smart grids,Subject
smart railway communications,Subject
social responsability in Canada,Subject
social responsability in the United States,Subject
sodium MRI,Subject
soil analysis,Subject
soil nutrients,Subject
solar energy,Subject
solar heat,Subject
solar radiation,Subject
spike sorting,Subject
spiking neurons,Subject
statues,Subject
stereoelectroencephalography,Subject
stratigraphy,Subject
stroke,Subject
structural neuroimaging,Subject
subdural electrocorticography,Subject
substitute fuel,Subject
sump,Subject
sustainability,Subject
sustainable energy,Subject
sustainable energy action plan,Subject
sustainable energy and climate action plan,Subject
sustainable urban mobility plan,Subject
symmetric synapse,Subject
synaptic bouton,Subject
synaptic protein,Subject
synaptic vesicle,Subject
temples,Subject
temporary foreign workers (TFW),Subject
tetrode extracellular electrophysiology,Subject
thermal energy,Subject
third generation,Subject
tidal energy,Subject
tidal power,Subject
tipat,Subject
topographic brain mapping,Subject
tract tracing,Subject
transbordern ethnic groups,Subject
transnational organized crime,Subject
transport innovation,Subject
trigeminal neuralgia,Subject
trolleybus transport,Subject
two photon fluorescence microscopy,Subject
ultra high field functional magnetic resonance imaging,Subject
ultra high field magnetic resonance imaging,Subject
united states trade representative,Subject
unmanned vehicle,Subject
urban freight delivery infrastructures,Subject
urban freight delivery systems,Subject
urban transport,Subject
ustr,Subject
vaults,Subject
vergleichende Religionswissenschaft,Subject
virtual agriculture system,Subject
virtual human twin,Subject
visitas presidenciales de Estados Unidos a México,Subject
voltage clamp,Subject
walls,Subject
waste of energy,Subject
waste to energy,Subject
wave energy,Subject
weed control,Subject
weed detection,Subject
whole cell patch clamp,Subject
williams beuren syndrome,Subject
wind energy,Subject
wind power,Subject
Ökumene,Subject
